DVM,WP_BIP_REPORT_DETAILS_LKP,"to create a lookup, contains all BIP report details and parameters",
RICE_ID,Integration_Name,BIP_Report_Code,Attribute_Locale,Attribute_Format,Size_Of_Data_Chunk,Report_Path,Report_Name,Report_Param_1,Report_Param_2,Report_Param_3,Report_Param_4
AP-I-1035,Coupa to Oracle ERP - Approved Invoices - Inbound,WP_AP_CONVERSION_RATES_REPORT,en-US,csv,-1,/Custom/WP Integrations/FIN/,WP AP Conversion Rates Report.xdo,P_CONV_DATE,P_INVOICE_CURRENCY,P_FROM_CURRENCY,
AP-I-1035,Coupa to Oracle ERP - Approved Invoices - Inbound,WP_AP_SUPPLIER_SITE_REPORT,en-US,csv,-1,/Custom/WP Integrations/FIN/,WP AP Supplier Site Report.xdo,P_VENDOR_NAME,,,
AP-I-1035,Coupa to Oracle ERP - Approved Invoices - Inbound,WP_AP_INVOICE_SUCCESS_REPORT,en-US,csv,-1,/Custom/WP Integrations/FIN/,WP AP Invoice Success Report.xdo,P_LOAD_ID,,,
AP-I-1035,Coupa to Oracle ERP - Approved Invoices - Inbound,WP_AP_INVOICE_ERROR_COUNT_REPORT,en-US,csv,,/Custom/WP Integrations/FIN/,WP AP Invoice Error Record Count Report.xdo,P_LOAD_ID,P_BATCH_ID,,
AP-I-1035,Coupa to Oracle ERP - Approved Invoices - Inbound,WP_AP_INVOICE_LE_BU_REPORT,en-US,csv,,/Custom/WP Integrations/FIN/,WP LE BU Report.xdo,P_ORACLE_CODE,,,
AP-I-1035,Coupa to Oracle ERP - Approved Invoices - Inbound,WP_AP_EXPENSE_TO_ACCRUAL_ACCOUNT_REPORT,en-US,csv,,/Custom/WP Integrations/FIN/,WP AP Expense To Accrual Account Report.xdo,P_EXPENSE_ACCOUNT,,,
AP-I-1035,Coupa to Oracle ERP - Approved Invoices - Inbound,WP_INVOICE_USER_ERROR_REPORT,en-US,csv,,/Custom/WP Integrations/FIN/,WP AP Invoice User Error Report.xdo,P_LOAD_ID,,,
AP-I-1039,Payment Invoices from Expensify to Oracle ERP,WP_AP_PAYMENTS_ERROR_REPORT,en-US,csv,-1,/Custom/WP Integrations/FIN/,WP AP Expensify Payments Error Report.xdo,P_LOAD_REQUEST_ID,,,
AP-I-1039,Payment Invoices from Expensify to Oracle ERP,WP_AP_EXP_FETCH_LE_BU_REPORT,en-US,csv,-1,/Custom/WP Integrations/FIN/,WP AP Expensify Fetch LE BU Report.xdo,P_SEGMENT1,,,
AP-I-1042,Oracle ERP to Coupa - Payment Confirmation - Outbound,WP_AP_ERP_TO_COUPA_PAYMENT_REPORT,en-US,xml,-1,/Custom/WP Integrations/FIN/,WP_AP_ERP_TO_COUPA_REPORT.xdo,P_Start_Date,P_End_Date,,
AP-I-1042,Oracle ERP to Coupa - Payment Confirmation - Outbound,WP_AP_COUPA_PAYMENT_REPROCESS_REPORT,en-US,xml,-1,/Custom/WP Integrations/FIN/,WP AP Coupa Payment Error Report.xdo,P_Coupa_Invoices,,,
GL-I-1017,Xignite To ERP FX Rates Inbound,WP_GL_XIGNITE_CURRENCIES,,,,/Custom/WP Integrations/FIN/WP GL Xignite Currencies Report.xdo,WP GL Xignite Currencies Report,P_FROM_DATE,,,
GL-I-1018,ADP to ERP Payroll Journal Inbound,WP GL LEDGER DETAILS REPORT,en-US,csv,,/Custom/WP Integrations/FIN/,WP GL Ledger Details Report.xdo,P_SEGMENT1,,,
GL-I-1025,Oracle ERP sends AP trial balance to ARCS,WP_AP_PERIOD_EXTRACT_REPORT,en-US,csv,-1,/Custom/WP Integrations/FIN/,WP Extract Period for AP AR FA Report.xdo,,,,
GL-I-1025,Oracle ERP sends AP trial balance to ARCS,WP_AP_EXTRACT_TRIAL_BALANCES_REPORT,en-US,csv,,/Custom/WP Integrations/FIN/,WP GL AP Trial Balance Report.xdo,p_period_name,p_organization_name,,
GL-I-1026,Oracle ERP sends AR trial balance to ARCS,WP_AR_PERIOD_EXTRACT_REPORT,en-US,csv,-1,/Custom/WP Integrations/FIN/,WP Extract Period for AP AR FA Report.xdo,,,,
GL-I-1026,Oracle ERP sends AR trial balance to ARCS,WP_AR_EXTRACT_TRIAL_BALANCES_REPORT,en-US,csv,,/Custom/WP Integrations/FIN/,WP GL AR Trial Balance Report.xdo,p_period_name,p_Business_Unit,,
GL-I-1027,Oracle ERP sends FA trial balance to ARCS,WP_FA_PERIOD_EXTRACT_REPORT,en-US,csv,-1,/Custom/WP Integrations/FIN/,WP Extract Period for AP AR FA Report.xdo,,,,
GL-I-1027,Oracle ERP sends FA trial balance to ARCS,WP_FA_EXTRACT_TRIAL_BALANCES_REPORT,en-US,csv,,/Custom/WP Integrations/FIN/,WP GL FA Trial Balance Report.xdo,p_period_name,p_book_type_code,,
GL-I-1028,Oracle ERP sends GL trial balance to ARCS,WP_GL_EXTRACT_TRIAL_BALANCES_REPORT,en-US,csv,,/Custom/WP Integrations/FIN/,WP GL Trial Balance Report.xdo,P_LEDGER_NAME,P_ACCT_DATE,,
GL-I-1029,Oracle ERP sends GL trial balance to FCCS,WP_GL_FCCS_PERIOD_EXTRACT_REPORT,en-US,csv,-1,/Custom/WP Integrations/FIN/,WP Extract Period for AP AR FA Report.xdo,,,,
GL-I-1029,Oracle ERP sends GL trial balance to FCCS,WP_GL_FCCS_EXTRACT_TRIAL_BALANCES_FCCS_REPORT,en-US,csv,,/Custom/WP Integrations/FIN/,WP GL Trial Balance ERP To FCCS Report.xdo,p_period_name,p_Ledger_name,,
SM-I-1001,Oracle sends Suppliers to Coupa,WP_SM_ERP_TO_COUPA_SUPPLIERS,,,,/Custom/WP Integrations/FIN/WP ERP To Coupa Suppliers Report.xdo,WP ERP To Coupa Suppliers Report,P_FROM_DATE,P_TO_DATE,,
SM-I-1002,Oracle sends Suppliers to Anaplan,WP_ANAPLAN_SUPPLIERS_OUTBOUND,,,,/Custom/WP Integrations/FIN/WP Anaplan Suppliers Outbound Report.xdo,WP Anaplan Suppliers Outbound Report,P_FROM_DATE,P_TO_DATE,,
SM-I-1032,WP SM-I-1032 ERP to EDW S3 Outbound,WP_ERP_TO_EDW_Suppliers,en-US,csv,,/Custom/WP Integrations/FIN/WP ERP To EDW Supplier Report.xdo,WP ERP To EDW Supplier Report,P_FROM_DATE,P_TO_DATE,,
SM-I-1032,WP SM-I-1032 ERP to EDW S3 Outbound,WP_ERP_TO_EDW_Suppliers_Site,en-US,csv,,/Custom/WP Integrations/FIN/WP ERP To EDW Suppliers Site Report.xdo,WP ERP To EDW Suppliers Site Report,P_FROM_DATE,P_TO_DATE,,
SM-I-1032,WP SM-I-1032 ERP to EDW S3 Outbound,WP_ERP_TO_EDW_Suppliers_Address,en-US,csv,,/Custom/WP Integrations/FIN/WP ERP To EDW Supplier Address Report.xdo,WP ERP To EDW Supplier Address Report,P_FROM_DATE,P_TO_DATE,,
SM-I-1032,WP SM-I-1032 ERP to EDW S3 Outbound,WP_ERP_TO_EDW_Suppliers_Contact,en-US,csv,,/Custom/WP Integrations/FIN/WP ERP To EDW Supplier Contact Report.xdo,WP ERP To EDW Supplier Contact Report,P_FROM_DATE,P_TO_DATE,,
ZZ-I-1000,Okta to ERP Employees Inbound,WP LE BU REPORT,en-US,csv,,/Custom/WP Integrations/FIN/,WP HCM OKTA LE BU Report.xdo,P_LEGISLATION_CODE,,,
AP-I-1044,POE to Oracle ERP Integration,WP_AP_POE_TO_ERP_PAYMENT_REPORT,en-US,csv,-1,/Custom/WP Integrations/FIN/,WP AP POE To ERP Payment Report.xdo,p_load_request_id,,,
AP-I-1044,POE to Oracle ERP Integration,WP_AP_POE_LEDGER_BU_REPORT,en-US,csv,-1,/Custom/WP Integrations/FIN/,WP AP POE Payment Fetch Ledger id Report.xdo,p_bu_name,,,
GL-I-1052,Oracle to Expensify - Chart Of Account (COA) Outbound,WP_GL_ORACLE_TO_EXPENSIFY_COA,en-US,csv,-1,/Custom/WP Integrations/FIN/,WP GL Oracle ERP to Expensify COA Report.xdo,p_from_date,p_to_date,,
AP-I-1037,WP AP-I-1037 ERP to SVB Outbound,WP_ERP_TO_SVB_AP_Disbursement,en-US,csv,,/Custom/WP Integrations/FIN/WP ERP To SVB AP Disbursement Report.xdo,WP ERP To SVB AP Disbursement Report,,,,
AP-I-1054,Springfield send Mock Invoices to Oracle,WP_AP_SPR_EXPENSE_TO_ACCRUAL_ACCOUNT_REPORT,en-US,csv,-1,/Custom/WP Integrations/FIN/,WP AP Expense To Accrual Account Report.xdo,P_EXPENSE_ACCOUNT,,,
CM-I-1038,SVB Credit Card Statement Integration,WP SVB SUPPLIER EXCLUSION REPORT,en-US,csv,-1,/Custom/WP Integrations/FIN/,WP CM SVB Exclude Suppliers Report.xdo,,,,
GL-I-1053,Oracle ERP to Coupa COA Integration,WP GL Oracle ERP to Coupa COA Report,en-us,csv,-1,/Custom/WP Integrations/FIN/WP GL Oracle ERP to Coupa COA Report.xdo,WP GL Oracle ERP to Coupa COA Report.xdo,p_from_date,p_to_date,,
AP-I-1035,Coupa to Oracle ERP - Approved Invoices - Inbound,WP_AP_ASSET_CATEGORY_REPORT,en-us,,-1,/Custom/WP Integrations/FIN/,WP AP Asset Category Report.xdo,P_ASSET_MAJOR,P_ASSET_MINOR,,
FC-I-3002,Oracle ERP sends GL Supplier Spend Details for Essbase to EPBCS,WP_GL_EPBCS_PERIOD_EXTRACT_REPORT,en-us,csv,-1,/Custom/WP Integrations/FIN/,WP Extract Period for AP AR FA Report.xdo,,,,
FC-I-3002,Oracle ERP sends GL Supplier Spend Details for Essbase to EPBCS,WP_GL_SUPPLIER_SPEND_EXTRACT_EPBCS_REPORT,en-us,csv,,/Custom/WP Integrations/FIN/,WP GL Supplier Spend Essbase Report.xdo,P_ACCOUNTING_PERIOD,,,
AP-I-1035,Coupa to Oracle ERP - Approved Invoices - Inbound,WP_ERP_OPEN_PERIOD_REPORT,en-us,csv,,/Custom/WP Integrations/FIN/,WP ERP Open Period Report.xdo,P_APPLICATION_ID,,,
AP-I-1054,Springfield send Mock Invoices to Oracle,WP_SF_OPEN_PERIOD_CODE,en-us,csv,-1,/Custom/WP Integrations/FIN/WP ERP Open Period Report.xdo,WP ERP Open Period Report.xdo,P_APPLICATION_ID,,,
PO-I-2054,WP PO I2054 Oracle ERP to Fedex PO Outbound,WP_PO_ASN_PURCHASE_ORDER_REPORT,en-US,xml,,/Custom/WP Integrations/SCM/,WP PO ASN Purchase Orders Flare Report.xdo,P_FROM_DATE,P_TO_DATE,P_SHIPMENT_NUMBERS,
PO-I-2034,Oracle SCM to Anaplan - BPA Information (PO Price) - Outbound,WP_EXTRACT_BPA_INFORMATION_REPORT,en-US,csv,-1,/Custom/WP Integrations/SCM/,WP PO Blanket Purchase Agreement Report.xdo,P_FROM_DATE,P_TO_DATE,,
IN-I-2035,Oracle SCM to Anaplan - On-hand Inventory Levels - Outbound,WP_EXTRACT_ONHAND_INVENTORY_REPORT,en-US,csv,-1,/Custom/WP Integrations/SCM/,WP Anaplan On Hand Inventory Out Report.xdo,P_Start_Date,P_End_Date,,
IN-I-2017A,Receiving Transactions From FedEx,WP_IN_FedEx_PO_Report,en-US,csv,-1,/Custom/WP Integrations/SCM/,WP IN FedEx Receipts PO Report.xdo,P_PO_NUMS,P_VENDOR_NAME,,
IN-I-2017A,Receiving Transactions From FedEx,WP_IN_FedEx_TO_Report,en-US,csv,-1,/Custom/WP Integrations/SCM/,WP IN FedEx Receipts TO Report.xdo,P_TO_NUM,,,
IN-I-2017A,Receiving Transactions From FedEx,WP_IN_FedEx_Error_Report,en-US,csv,-1,/Custom/WP Integrations/SCM/,WP IN FedEx Receipts Error Report.xdo,P_HEADER_INTERFACE_IDS,,,
IN-I-2017A,Receiving Transactions From FedEx,WP_IN_FedEx_Lookup_Report,en-US,csv,-1,/Custom/WP Integrations/SCM/,WP IN FedEx Receipts Lookup Report.xdo,,,,
PO-I-2036,Oracle ERP to Anaplan Purchase Order Outbound,WP_EXTRACT_PO_REPORT,en-US,csv,-1,/Custom/WP Integrations/SCM/,WP PO ERP to Anaplan Purchase Order Report.xdo,P_FROM_DATE,P_TO_DATE,,
PO-I-2009,WP PO I2009 ERP to CaseOptics PO Outbound,WP ERP To CaseOptics PurchaseOrder Outbound Report,en-US,Text,,/Custom/WP Integrations/SCM/WP PO Oracle SCM TO CaseOptics Outbound Report.xdo,WP PO Oracle SCM TO CaseOptics Outbound Report,P_FROM_DATE,P_TO_DATE,,
IN-I-2022A,WP ABB Transactions Receiving Inbound,WP_IN_ABB_Lookup_Report,en_US,csv,-1,/Custom/WP Integrations/SCM/,WP IN ABB LOC Lookup Report.xdo,,,,
IN-I-2022A,WP ABB Transactions Receiving Inbound,WP_IN_ABB_PO_REPORT,en_US,csv,-1,/Custom/WP Integrations/SCM/,WP IN ABB Receipts PO Report.xdo,P_PO_NUM,P_SHIPMENT_NUM,,
IN-I-2022A,WP ABB Transactions Receiving Inbound,WP_IN_ABB_TO_REPORT,en_US,csv,-1,/Custom/WP Integrations/SCM/,WP IN ABB Receipts TO Report.xdo,P_TO_NUM,,,
IN-I-2022A,WP ABB Transactions Receiving Inbound,WP_IN_ABB_Error_Report,en_US,csv,-1,/Custom/WP Integrations/SCM/,WP IN ABB Receipts Error Report.xdo,P_HEADER_INTERFACE_IDS,,,
IN-I-2070,WP IN I2070 Springfield to Oracle SCM Uncut ASNs Inbound,WP_IN_SPRINGFIELD_ASN_REPORT,en-US,csv,-1,/Custom/WP Integrations/SCM/,WP IN Springfield Uncut PO ASN Report.xdo,P_SOURCE_PO_NUM,P_ITEM_NUM,,
IN-I-2071,WP IN-I-2071 Springfield to Oracle SCM Uncut POs Inbound,WP_IN_SF_PO_REPORT,en-US,csv,-1,/Custom/WP Integrations/SCM/,WP IN SF Uncut PO Receipts Report.xdo,P_PO_NUMS,,,
IN-I-2071,WP IN-I-2071 Springfield to Oracle SCM Uncut POs Inbound,WP_IN_SF_Uncut_Error_Report,en-US,csv,-1,/Custom/WP Integrations/SCM/,WP IN SF Uncut PO Receipts Error Report.xdo,P_HEADER_INTERFACE_IDS,p_batch_id,,
IN-I-2022C,WP IN ABB Inventory transactions Inbound,WP_IN_ABB_LOOKUP_CODE,en-US,csv,-1,/Custom/WP Integrations/SCM/,WP IN ABB LOC Lookup Report.xdo,,,,
IN-I-2022C,WP IN ABB Inventory transactions Inbound,WP_ABB_CYCLE_COUNT_DETAILS,en-US,csv,-1,/Custom/WP Integrations/SCM/,WP IN CycleCount Details Inventory Report.xdo,p_cycle_count_name,,,
IN-I-2022C,WP IN ABB Inventory transactions Inbound,WP_ABB_ITEM_DETAILS,en-US,csv,-1,/Custom/WP Integrations/SCM/,WP IN ABB Item Details Report.xdo,p_part_number,,,
IN-I-2047,WP IN I2047 Occuco to Oracle PO Receipts Inbound,WP_OCCUCO_TO_ORACLE_PO_RECEIPT,en-US,,-1,/Custom/WP Integrations/SCM/WP Occuco To Oracle PO-Receipt Inbound Report.xdo,WP Occuco To Oracle PO-Receipt Inbound Report,P_LMS_PO,P_OPC,P_ORG,P_SHIPMENT_NUM
IN-I-2047,WP IN I2047 Occuco to Oracle PO Receipts Inbound,OCCUCCO_ERRORED_PO_RECEIPTS,en-US,csv,-1,/Custom/WP Integrations/SCM/WP IN Occuco Errored PO Receipts Report.xdo,WP IN Occuco Errored PO Receipts Report,P_INTERFACE_HEADER_ID,,,
IN-I-2039,WP IN I2039 ERP to Anaplan PO Receipts Outbound,WP_IN_ANAPLAN_PO_RECEIPTS_OUTBOUND,en-US,csv,-1,/Custom/WP Integrations/SCM/WP IN Anaplan PO Receipts Outbound Report.xdo,WP IN Anaplan PO Receipts Outbound Report,P_FROM_DATE,P_TO_DATE,,
IN-I-2019,WP IN-I-2019 Fedex to ERP Inbound Integration,CC_ERROR_REPORT_CODE-IN-I-2019,en-US,csv,-1,/Custom/WP Integrations/SCM/,WP IN Cycle Count Import Error Details Report.xdo,p_load_req_id,p_request_id,P_ORGANIZATION_CODE,
IN-I-2019,WP IN-I-2019 Fedex to ERP Inbound Integration,CC_NAME_REPORT_CODE,en-US,csv,-1,/Custom/WP Integrations/SCM/,WP IN CycleCount Details Inventory Report.xdo,p_cycle_count_name,,,
IN-I-2019,WP IN-I-2019 Fedex to ERP Inbound Integration,CC_ITEM_DETAILS_REPORT_CODE,en-US,csv,-1,/Custom/WP Integrations/SCM/,WP IN Fedex On hand Inventory Sync Report.xdo,p_part_number,,,
OM-I-2050,WP OM-I-2050 Fedex to Oracle Acknowledgement,WP_OM_ACK_INB,en-US,csv,-1,/Custom/WP Integrations/SCM/WP OM Fedex To Oracle ACK Report.xdo,WP OM Fedex To Oracle ACK Report,P_ORDER_NUM,,,
IT-I-2018,Oracle ERP to FedEx - Items- Outbound,WP_ITEMS_ERP_TO_FEDEX_REPORT,en-US,xml,-1,/Custom/WP Integrations/SCM/,WP IT ITEM ERP TO FEDEX FLARE Report.xdo,p_start_date,p_end_date,,
AP-I-1048,WP Case Optics to Oracle - Invoices - Inbound,WP_INVOICE_PO_AMOUNT_CODE,en-US,xml,-1,/Custom/WP Integrations/FIN/WP AP Invoice CaseOptics PO Amount Report.xdo,WP AP Invoice CaseOptics PO Amount Report.xdo,PO_NUMBER,,,
AP-I-1048,WP Case Optics to Oracle - Invoices - Inbound,WP_INVOICE_PO_LINE_NUMBER_CODE,en-US,xml,-1,/Custom/WP Integrations/FIN/WP Case Optics AP PO LineNumber Report.xdo,WP Case Optics AP PO LineNumber Report.xdo,P_SKU,P_SHIP_TO_LOCATION,P_PO_NUMBER,
PO-I-2001,Anaplan to Oracle ERP -PO - Inbound,WP_PO_BUYER_NAME_REPORT_CODE,en-US,xml,-1,/Custom/WP Integrations/SCM/WP PO Buyer Name Report.xdo,WP PO Buyer Name Report.xdo,P_VENDOR_SITE_CODE,,,
PO-I-2001,Anaplan to Oracle ERP -PO - Inbound,WP_PO_CONVERION_RATE_REPORT_CODE,en-US,xml,-1,/Custom/WP Integrations/SCM/,WP PO Conversion Rates Report.xdo,P_FROM_CURRENCY,P_ORDER_CURRENCY,P_CONV_DATE,
PO-I-2001,Anaplan to Oracle ERP -PO - Inbound,PO_BU_ID_REPORT,en-US,xml,-1,/Custom/WP Integrations/SCM/WP_PO_BU_ID_REPORT.xdo,WP_PO_BU_ID_REPORT.xdo,P_BU_NAME,,,
PO-I-2001,Anaplan to Oracle ERP -PO - Inbound,PO_DEFAULT_BUYER_ID_REPORT,en-US,xml,-1,/Custom/WP Integrations/SCM/WP PO Buyer Id Report.xdo,WP PO Buyer Id Report.xdo,P_BUYER_NAME,,,
PO-I-2001,Anaplan to Oracle ERP -PO - Inbound,WP_PO_UPC_REPORT_CODE,en-US,xml,-1,/Custom/WP Integrations/SCM/WP PO UPC Report.xdo,WP PO UPC Report.xdo,P_ITEM_NUM,,,
PO-I-2001,Anaplan to Oracle ERP -PO - Inbound,WP_PO_TEMPLE_PRINT_NAME_CODE,en-US,xml,-1,/Custom/WP Integrations/SCM/WP PO Temple Print Name Report.xdo,WP PO Temple Print Name Report.xdo,P_ITEM_NUM,,,
PO-I-2001,Anaplan to Oracle ERP -PO - Inbound,WP_PO_SKU_REPORT_CODE,en-US,xml,-1,/Custom/WP Integrations/SCM/WP PO SKU Report.xdo,WP PO SKU Report.xdo,P_ITEM_NUM,,,
PO-I-2066,WP PO-I-2066 Springfield to Oracle Uncut PO Inbound,WP_PO_OPC_CODE,en-US,xml,-1,/Custom/WP Integrations/SCM/WP PO OPC Report.xdo,WP PO OPC Report.xdo,P_ITEM_NUM,P_SUPPLIER_SITE,P_SUPPLIER_NAME,
PO-I-2066,WP PO-I-2066 Springfield to Oracle Uncut PO Inbound,WP_PO_I_2066_SUPPLIER_DETAILS_CODE,en-US,xml,-1,/Custom/WP Integrations/SCM/WP PO Supplier Details Report.xdo,WP PO Supplier Details Report.xdo,P_LOOKUP_CODE,,,
IN-I-2022B,WP IN-I-2022B ABB Pick Ship Confirm Inbound,WP_IN_ABB_PICK_SHIP_DM,en-US,csv,-1,/Custom/WP Integrations/SCM/WP IN ABB Pick Ship Item Details.xdo,WP IN ABB Pick Ship Item Details,p_upc,,,
IN-I-2042,Oracle SCM to Occuco - On-hand Inventory - Outbound,WP_EXTRACT_DELTA_ONHAND_INVENTORY_REPORT,en-US,csv,-1,/Custom/WP Integrations/SCM/,WP Occuco On Hand Inventory Outbound Report.xdo,P_FROM_DATE,P_TO_DATE,P_ORG_NAME,
IN-I-2043,WP IN-I-2043 Case Optics To Oracle ASN - Inbound,WP_IN_CASE_OPTICS_ASN,en-Us,csv,-1,/Custom/WP Integrations/SCM/WP Case Optics To Oracle SCM ASN Report.xdo,WP Case Optics To Oracle SCM ASN Report,p_PO_Number,p_SKU,p_SHIP_TO_LOCATION,
IN-I-2053,WP IN I2053 Oracle to Anaplan OnHands Outbound,WP_IN_ORACLE_TO_ANAPLAN_ONHANDS_OUTBOUND_DM,en_US,Text,-1,/Custom/WP Integrations/SCM/WP IN Oracle to Anaplan On Hands Outbound Report.xdo,WP IN Oracle to Anaplan On Hands Outbound Report,p_from_date,p_to_date,,
IN-I-2055,WP IN-I-2055 Oracle ERP to Fedex TO Outbound,WP_IN_FEDEX_TRANSFER_ORDER_REPORT,en-US,xml,,/Custom/WP Integrations/SCM/,WP IN Oracle to Fedex Transfer Orders Report v2.xdo,p_from_date,p_to_date,p_order,
IN-I-2052,WP IN Misc Transactions From FedEx Inbound,WP_IN_FEDEX_ITEM_NUMBER_REPORT,en-US,csv,-1,/Custom/WP Integrations/SCM/,WP IN FedEx Item Number Report.xdo,P_PART_NUM,,,
AP-I-1067,WP AP-I-1067 AP Invoice Inbound,WP_AP_INVOICE_PO_NUMBER_CODE,en-US,xml,-1,/Custom/WP Integrations/FIN/WP AP Invoice PO Number Report.xdo,WP AP Invoice PO Number Report.xdo,P_EXTERNAL_ID,,,
AP-I-1067,WP AP-I-1067 AP Invoice Inbound,WP_AP_INVOICE_SUPPLIER_SITE_PAYTERM_CODE,en-US,xml,-1,/Custom/WP Integrations/FIN/WP AP Supplier Site Payment Term Report.xdo,WP AP Supplier Site Payment Term Report.xdo,P_SUPPLIER_NAME,,,
IN-I-2065,WP IN ABB TO Outbound,WP_IN_ABB_TO_OUT,en-US,csv,-1,/Custom/WP Integrations/SCM/,WP IN ABB TO Outbound Report.xdo,,,,
AP-I-1066,WP AP-I-1066 AP Invoice Inbound,WP_AP_INVOICE_SUPPLIER_NAME_CODE,en-US,xml,-1,/Custom/WP Integrations/FIN/WP AP Supplier Name Report.xdo,WP AP Supplier Name Report.xdo,P_LOOKUP_CODE,,,
IN-I-2074,WP IN-I-2074 LMS to Oracle – Lens Inventory Snapshot Inbound Integration,WP_CC_NAME_REPORT_CODE,en-US,csv,-1,/Custom/WP Integrations/SCM/,WP IN CycleCount Details Inventory Report.xdo,p_cycle_count_name,,,
IN-I-2074,WP IN-I-2074 LMS to Oracle – Lens Inventory Snapshot Inbound Integration,WP_CC_ITEM_DETAILS_REPORT_CODE,en-US,csv,-1,/Custom/WP Integrations/SCM/,WP IN Inventory Snapshot Item Details Report.xdo,p_part_number,,,
IN-I-2074,WP IN-I-2074 LMS to Oracle – Lens Inventory Snapshot Inbound Integration,WP_CC_ERROR_REPORT_CODE,en-US,csv,-1,/Custom/WP Integrations/SCM/,WP IN Cycle Count Import Error Details Report.xdo,p_load_req_id,p_request_id,P_ORGANIZATION_CODE,
PO-I-2064,WP PO ABB ASN Outbound,WP_PO_ABB_ASN_Outbound_DM,en-US,csv,-1,/Custom/WP Integrations/SCM/,WP PO ABB ASN Outbound Report.xdo,P_FROM_DATE,P_TO_DATE,,
IN-I-2070,WP IN I2070 Springfield to Oracle SCM Uncut ASNs Inbound,WP_IN_ASN_ERROR_REPORT,en-US,csv,-1,/Custom/WP Integrations/SCM/,WP IN ASN Error Report.xdo,p_batch_id,p_interface_header_id,,
IN-I-2039B,WP IN I 2039B ERP to Anaplan PO Shipments Outbound,WP_IN_ANAPLAN_PO_SHIPMENT_OUTBOUND,en-US,csv,-1,/Custom/WP Integrations/SCM/WP IN Anaplan PO Shipment Outbound Report.xdo,WP IN Anaplan PO Shipment Outbound Report,P_FROM_DATE,P_TO_DATE,,
PO-I-2066,WP PO-I-2066 Springfield to Oracle Uncut PO Inbound,WP_PO_NUMBER_REPORT,en-US,csv,-1,/Custom/WP Integrations/SCM/WP_PO_NUMBER_REPORT.xdo,WP_PO_NUMBER_REPORT.xdo,P_BATCH_ID,,,
IN-I-2022C,WP IN ABB Inventory transactions Inbound,CC_ERROR_REPORT_CODE-IN-I-2022C,en-US,csv,-1,/Custom/WP Integrations/SCM/,WP IN Cycle Count Import Error Details Report.xdo,p_load_req_id,p_request_id,P_ORGANIZATION_CODE,
IN-I-2043,WP IN-I-2043 Case Optics To Oracle ASN,WP_GET_ASN_CARRIER_NAME,en-US,xml,-1,/Custom/WP Integrations/SCM/,WP IN Get Carrier Name Report.xdo,P_SCAC_CODE,,,
IN-I-2017B,WP IN I2017B Pick Ship Confirm and TO from FedEx,WP_GET_SHIP_METHOD_REPORT,en-US,xml,-1,/Custom/WP Integrations/SCM/,WP IN Get FedEx Ship Method Report.xdo,P_SERVICE_LEVEL,,,
IN-I-2022B,WP IN-I-2022B ABB Pick Ship Confirm Inbound,WP_IN_ABB_SHIP_METHOD,en-US,csv,-1,/Custom/WP Integrations/SCM/WP IN Get ABB Ship Method Report.xdo,WP IN Get ABB Ship Method Report,P_SERVICE_LEVEL,,,
PO-I-2054B,WP TO I2054B Oracle ERP to Fedex TO Outbound,WP_TO_ASN_TRANSFER_ORDER_REPORT,en-US,xml,,/Custom/WP Integrations/SCM/,WP TO ASN TRANSFER ORDER REPORT.xdo,P_FROM_DATE,P_TO_DATE,,
IT-I-2018B,Oracle ERP to FedEx - Items- Outbound,WP_ITEM_UPDATES_ERP_TO_FEDEX_REPORT,en-US,xml,-1,/Custom/WP Integrations/SCM/,WP IT ITEM Updates ERP TO FEDEX FLARE Report.xdo,p_start_date,p_end_date,,
PO-I-2001,Anaplan to Oracle ERP -PO - Inbound,WP_PO_BPA_NAME_REPORT_CODE,en-US,csv,-1,/Custom/WP Integrations/SCM/WP PO Anaplan BPAS Report.xdo,WP PO Anaplan BPAS Report,P_ITEM_NUMBERS,P_SUPPLIER_NAME,,
GL-I-1060,WP GL-I-1060 Payroll to Anaplan,WP_GL_TRIAL_BALANCE_PAYROLL_TO_ANAPLAN_DM,en-US,csv,-1,/Custom/WP Reports/FIN/Published/GL/,WP GL Trial Balance Payroll to Anaplan Report.xdo,,,,
GL-I-1060,WP GL-I-1060 Payroll to Anaplan,DAILY_CURRENCY_ANAPLAN_CONVERSION_RATE_REPORT_CODE,en-US,csv,-1,/Custom/WP Integrations/FIN/,Anaplan - Currency Conversion Rate.xdo,p_start_date,p_end_date,,
WMS-I-1002,WMS-I-1002 Oracle to SCALE WMS Transfer Orders Out,WMS_ORACLE_TO_SCALE_TRANSFER_ORDERS_REPORT_CODE,en-US,xml,-1,/Custom/WP Integrations/SCM/WMS/,WMS-I-1002 Oracle to Scale Transfer Orders.xdo,P_FROM_DATE,P_TO_DATE,P_ORDER_NUMBERS,
WMS-I-1001,WP WMS-I-1001 Oracle to SCALE WMS Items Outbound,WP_ORACLE_TO_SCALE_WMS_ITEMS_REPORT_CODE,en-US,xml,-1,/Custom/WP Integrations/SCM/WMS/,WMS-I-1001 Oracle to Scale Items Report.xdo,P_START_DATE,P_END_DATE,ITEM_NUMBERS,
WMS-I-1003,WMS-I-1003 Oracle to SCALE WMS Inbound TO ASNs,WMS_I_1003_ORACLE_TO_SCALE_INBOUND_TO_ASNS,en-US,xml,-1,/Custom/WP Integrations/SCM/WMS/,WMS_I_1003_Oracle_to_Scale_Inbound_TO_ASNs.xdo,p_from_date,p_to_date,p_asn_order_numbers,
WMS-I-1003B,WMS-I-1003 Oracle to SCALE WMS Inbound PO ASNs,WMS_I_1003_ORACLE_TO_SCALE_INBOUND_PO_ASNS,en-US,xml,-1,/Custom/WP Integrations/SCM/WMS/,WMS_I_1003_Oracle_to_Scale_Inbound_PO_ASNs.xdo,p_from_date,p_to_date,p_asn_order_numbers,
GL-I-1061,WP GL-I-1061 Oracle to Anaplan COA Reports,COA_ACCOUNTS_REPORT,en-US,csv,-1,/Custom/WP Integrations/FIN/,WP Account VS Report.xdo,,,,
GL-I-1061,WP GL-I-1061 Oracle to Anaplan COA Reports,COA_ENTITY_REPORT,en-US,csv,-1,/Custom/WP Integrations/FIN/,WP Entity VS Report.xdo,,,,
GL-I-1061,WP GL-I-1061 Oracle to Anaplan COA Reports,COA_CHANNEL_REPORT,en-US,csv,-1,/Custom/WP Integrations/FIN/,WP Channel VS Report.xdo,,,,
GL-I-1061,WP GL-I-1061 Oracle to Anaplan COA Reports,COA_COST_CENTER_REPORT,en-US,csv,-1,/Custom/WP Integrations/FIN/,WP Cost Center VS Report.xdo,,,,
GL-I-1061,WP GL-I-1061 Oracle to Anaplan COA Reports,COA_PRODUCT_REPORT,en-US,csv,-1,/Custom/WP Integrations/FIN/,WP Product VS Report.xdo,,,,
WMS-I-1038,WMS-I-1038 Oracle to SCALE WMS Deleted Transfer Orders Out,WMS_ORACLE_TO_SCALE_DELETED_TRANSFER_ORDERS_REPORT_CODE,en-US,xml,-1,/Custom/WP Integrations/SCM/WMS/,WMS-I-1038 Oracle to Scale Deleted Transfer Orders Lines.xdo,P_FROM_DATE,P_TO_DATE,P_ORDER_NUMBERS,
PO-I-2070,PO-I-2070 Outbound PO to Supplier SFTP,ORACLE_TO_SOMO_LENS_PO_REPORT,en-US,csv,-1,/Custom/WP Reports/SCM/In Testing,WP Lens Supplier PO Report - SOMO LENS.xdo,P_FROM_DATE,P_TO_DATE,P_PO_NUMBER,P_ORGANIZATION_CODE
PO-I-2037,ERP to Anaplan PO Sync,ANAPLAN_PO_AUDIT_LINE_REPORT,en-US,csv,-1,/Custom/WP Integrations/SCM/,Anaplan PO Audit Line Report v2.xdo,,,,
PO-I-2070B,PO-I-2070B Outbound PO to Supplier SFTP,ORACLE_TO_IOT_LENS_PO_REPORT,en-US,csv,-1,/Custom/WP Integrations/SCM,WP Lens Supplier PO Report - IOT LENS.xdo,P_FROM_DATE,P_TO_DATE,P_PO_NUMBER,
OM-I-3002,WP OM-I-3002 Transmit Sales Order Shipments - Outbound,WP_IN_FEDEX_SALES_ORDER_REPORT,en-US,xml,-1,/Custom/WP Integrations/SCM/,WP IN Oracle to Fedex Transfer Orders Report v2.xdo,p_from_date,p_to_date,p_order,
